tic,w_mv,w_eq,train_end,test_start,test_end
A,1.5355572204191163e-16,0.002352941176470588,2024-01-31,2024-02-01,2024-02-29
AAPL,0.0,0.002352941176470588,2024-01-31,2024-02-01,2024-02-29
ABBV,0.0,0.002352941176470588,2024-01-31,2024-02-01,2024-02-29
ABNB,2.187027937832914e-16,0.002352941176470588,2024-01-31,2024-02-01,2024-02-29
ABT,0.0,0.002352941176470588,2024-01-31,2024-02-01,2024-02-29
ACGL,0.0,0.002352941176470588,2024-01-31,2024-02-01,2024-02-29
ACN,0.0,0.002352941176470588,2024-01-31,2024-02-01,2024-02-29
ADI,2.86579765474091e-16,0.002352941176470588,2024-01-31,2024-02-01,2024-02-29
ADM,0.0,0.002352941176470588,2024-01-31,2024-02-01,2024-02-29
ADSK,6.179594797917444e-17,0.002352941176470588,2024-01-31,2024-02-01,2024-02-29
AEE,0.0,0.002352941176470588,2024-01-31,2024-02-01,2024-02-29
AEP,0.0,0.002352941176470588,2024-01-31,2024-02-01,2024-02-29
AES,2.791805174717321e-16,0.002352941176470588,2024-01-31,2024-02-01,2024-02-29
AFL,0.0,0.002352941176470588,2024-01-31,2024-02-01,2024-02-29
AIG,8.117987835077605e-17,0.002352941176470588,2024-01-31,2024-02-01,2024-02-29
AIZ,9.92720716100755e-17,0.002352941176470588,2024-01-31,2024-02-01,2024-02-29
AJG,0.0,0.002352941176470588,2024-01-31,2024-02-01,2024-02-29
AKAM,0.0,0.002352941176470588,2024-01-31,2024-02-01,2024-02-29
ALB,2.866006275858477e-16,0.002352941176470588,2024-01-31,2024-02-01,2024-02-29
ALGN,0.0,0.002352941176470588,2024-01-31,2024-02-01,2024-02-29
ALL,0.0,0.002352941176470588,2024-01-31,2024-02-01,2024-02-29
ALLE,2.0692991994721008e-16,0.002352941176470588,2024-01-31,2024-02-01,2024-02-29
AMAT,0.0,0.002352941176470588,2024-01-31,2024-02-01,2024-02-29
AMCR,8.219048523815391e-17,0.002352941176470588,2024-01-31,2024-02-01,2024-02-29
AMD,8.920470234630107e-17,0.002352941176470588,2024-01-31,2024-02-01,2024-02-29
AME,0.0,0.002352941176470588,2024-01-31,2024-02-01,2024-02-29
AMGN,0.0,0.002352941176470588,2024-01-31,2024-02-01,2024-02-29
AMP,0.0,0.002352941176470588,2024-01-31,2024-02-01,2024-02-29
AMZN,0.0,0.002352941176470588,2024-01-31,2024-02-01,2024-02-29
ANET,0.0,0.002352941176470588,2024-01-31,2024-02-01,2024-02-29
ANSS,0.0,0.002352941176470588,2024-01-31,2024-02-01,2024-02-29
AON,0.0,0.002352941176470588,2024-01-31,2024-02-01,2024-02-29
AOS,0.0,0.002352941176470588,2024-01-31,2024-02-01,2024-02-29
APA,0.0,0.002352941176470588,2024-01-31,2024-02-01,2024-02-29
APD,9.386161748332159e-17,0.002352941176470588,2024-01-31,2024-02-01,2024-02-29
APH,2.519456545179983e-16,0.002352941176470588,2024-01-31,2024-02-01,2024-02-29
APTV,0.0,0.002352941176470588,2024-01-31,2024-02-01,2024-02-29
ATO,0.0,0.002352941176470588,2024-01-31,2024-02-01,2024-02-29
AVGO,4.0206789183798715e-20,0.002352941176470588,2024-01-31,2024-02-01,2024-02-29
AVY,1.3164576638756168e-17,0.002352941176470588,2024-01-31,2024-02-01,2024-02-29
AWK,1.1320629567316732e-17,0.002352941176470588,2024-01-31,2024-02-01,2024-02-29
AXON,0.0,0.002352941176470588,2024-01-31,2024-02-01,2024-02-29
AXP,0.0,0.002352941176470588,2024-01-31,2024-02-01,2024-02-29
AZO,1.8154390028232425e-16,0.002352941176470588,2024-01-31,2024-02-01,2024-02-29
BA,0.0,0.002352941176470588,2024-01-31,2024-02-01,2024-02-29
BAC,0.0,0.002352941176470588,2024-01-31,2024-02-01,2024-02-29
BALL,0.0,0.002352941176470588,2024-01-31,2024-02-01,2024-02-29
BAX,0.0,0.002352941176470588,2024-01-31,2024-02-01,2024-02-29
BBY,0.0,0.002352941176470588,2024-01-31,2024-02-01,2024-02-29
BDX,0.0,0.002352941176470588,2024-01-31,2024-02-01,2024-02-29
BEN,0.0,0.002352941176470588,2024-01-31,2024-02-01,2024-02-29
BF.B,0.0,0.002352941176470588,2024-01-31,2024-02-01,2024-02-29
BIIB,0.0,0.002352941176470588,2024-01-31,2024-02-01,2024-02-29
BKNG,0.0,0.002352941176470588,2024-01-31,2024-02-01,2024-02-29
BKR,0.0,0.002352941176470588,2024-01-31,2024-02-01,2024-02-29
BLDR,1.2110925846415874e-15,0.002352941176470588,2024-01-31,2024-02-01,2024-02-29
BMY,4.287285952402444e-16,0.002352941176470588,2024-01-31,2024-02-01,2024-02-29
BR,0.0,0.002352941176470588,2024-01-31,2024-02-01,2024-02-29
BRK.B,0.0,0.002352941176470588,2024-01-31,2024-02-01,2024-02-29
BRO,6.067752503760368e-17,0.002352941176470588,2024-01-31,2024-02-01,2024-02-29
BSX,0.0,0.002352941176470588,2024-01-31,2024-02-01,2024-02-29
BWA,0.0,0.002352941176470588,2024-01-31,2024-02-01,2024-02-29
CAG,0.0,0.002352941176470588,2024-01-31,2024-02-01,2024-02-29
CARR,1.6462054433625236e-16,0.002352941176470588,2024-01-31,2024-02-01,2024-02-29
CAT,1.3187897689116723e-16,0.002352941176470588,2024-01-31,2024-02-01,2024-02-29
CB,5.5205317073109856e-17,0.002352941176470588,2024-01-31,2024-02-01,2024-02-29
CBRE,0.0,0.002352941176470588,2024-01-31,2024-02-01,2024-02-29
CDNS,3.466261188693051e-17,0.002352941176470588,2024-01-31,2024-02-01,2024-02-29
CDW,0.0,0.002352941176470588,2024-01-31,2024-02-01,2024-02-29
CE,1.54850314217551e-16,0.002352941176470588,2024-01-31,2024-02-01,2024-02-29
CEG,0.0,0.002352941176470588,2024-01-31,2024-02-01,2024-02-29
CF,0.0,0.002352941176470588,2024-01-31,2024-02-01,2024-02-29
CFG,0.0,0.002352941176470588,2024-01-31,2024-02-01,2024-02-29
CHD,0.0,0.002352941176470588,2024-01-31,2024-02-01,2024-02-29
CHRW,0.0,0.002352941176470588,2024-01-31,2024-02-01,2024-02-29
CHTR,0.0,0.002352941176470588,2024-01-31,2024-02-01,2024-02-29
CI,0.0,0.002352941176470588,2024-01-31,2024-02-01,2024-02-29
CINF,1.427302846465976e-16,0.002352941176470588,2024-01-31,2024-02-01,2024-02-29
CL,0.0,0.002352941176470588,2024-01-31,2024-02-01,2024-02-29
CLX,1.2037446365101756e-16,0.002352941176470588,2024-01-31,2024-02-01,2024-02-29
CME,2.3405844338746494e-18,0.002352941176470588,2024-01-31,2024-02-01,2024-02-29
CMG,0.0,0.002352941176470588,2024-01-31,2024-02-01,2024-02-29
CMI,0.0,0.002352941176470588,2024-01-31,2024-02-01,2024-02-29
CMS,2.4435691122852523e-17,0.002352941176470588,2024-01-31,2024-02-01,2024-02-29
CNC,0.0,0.002352941176470588,2024-01-31,2024-02-01,2024-02-29
CNP,0.0,0.002352941176470588,2024-01-31,2024-02-01,2024-02-29
COF,8.332273894821767e-17,0.002352941176470588,2024-01-31,2024-02-01,2024-02-29
COO,9.099591589573352e-17,0.002352941176470588,2024-01-31,2024-02-01,2024-02-29
COP,0.0,0.002352941176470588,2024-01-31,2024-02-01,2024-02-29
COR,0.0,0.002352941176470588,2024-01-31,2024-02-01,2024-02-29
CPB,0.0,0.002352941176470588,2024-01-31,2024-02-01,2024-02-29
CPRT,8.88488303290198e-17,0.002352941176470588,2024-01-31,2024-02-01,2024-02-29
CRL,0.0,0.002352941176470588,2024-01-31,2024-02-01,2024-02-29
CRM,0.0,0.002352941176470588,2024-01-31,2024-02-01,2024-02-29
CSCO,0.0,0.002352941176470588,2024-01-31,2024-02-01,2024-02-29
CSGP,0.0,0.002352941176470588,2024-01-31,2024-02-01,2024-02-29
CSX,0.0,0.002352941176470588,2024-01-31,2024-02-01,2024-02-29
CTAS,0.0,0.002352941176470588,2024-01-31,2024-02-01,2024-02-29
CTRA,0.0,0.002352941176470588,2024-01-31,2024-02-01,2024-02-29
CTSH,0.0,0.002352941176470588,2024-01-31,2024-02-01,2024-02-29
CTVA,3.310472879311843e-16,0.002352941176470588,2024-01-31,2024-02-01,2024-02-29
CVS,0.0,0.002352941176470588,2024-01-31,2024-02-01,2024-02-29
CVX,1.834735218051398e-16,0.002352941176470588,2024-01-31,2024-02-01,2024-02-29
CZR,0.0,0.002352941176470588,2024-01-31,2024-02-01,2024-02-29
D,1.5935188501012882e-16,0.002352941176470588,2024-01-31,2024-02-01,2024-02-29
DAL,0.0,0.002352941176470588,2024-01-31,2024-02-01,2024-02-29
DD,0.0,0.002352941176470588,2024-01-31,2024-02-01,2024-02-29
DE,0.0,0.002352941176470588,2024-01-31,2024-02-01,2024-02-29
DFS,2.4201677502590025e-16,0.002352941176470588,2024-01-31,2024-02-01,2024-02-29
DG,4.616270742613643e-16,0.002352941176470588,2024-01-31,2024-02-01,2024-02-29
DGX,0.0,0.002352941176470588,2024-01-31,2024-02-01,2024-02-29
DHI,3.7440532088104745e-16,0.002352941176470588,2024-01-31,2024-02-01,2024-02-29
DHR,4.88980796707162e-17,0.002352941176470588,2024-01-31,2024-02-01,2024-02-29
DIS,0.0,0.002352941176470588,2024-01-31,2024-02-01,2024-02-29
DLTR,0.0,0.002352941176470588,2024-01-31,2024-02-01,2024-02-29
DOV,0.0,0.002352941176470588,2024-01-31,2024-02-01,2024-02-29
DOW,9.238448407285039e-17,0.002352941176470588,2024-01-31,2024-02-01,2024-02-29
DPZ,8.402009964772322e-17,0.002352941176470588,2024-01-31,2024-02-01,2024-02-29
DRI,0.0,0.002352941176470588,2024-01-31,2024-02-01,2024-02-29
DTE,0.0,0.002352941176470588,2024-01-31,2024-02-01,2024-02-29
DUK,1.3296718622984927e-16,0.002352941176470588,2024-01-31,2024-02-01,2024-02-29
DVA,2.905155074879721e-16,0.002352941176470588,2024-01-31,2024-02-01,2024-02-29
DVN,0.0,0.002352941176470588,2024-01-31,2024-02-01,2024-02-29
DXCM,6.923366851379159e-17,0.002352941176470588,2024-01-31,2024-02-01,2024-02-29
EA,8.679892560608147e-17,0.002352941176470588,2024-01-31,2024-02-01,2024-02-29
ECL,0.0,0.002352941176470588,2024-01-31,2024-02-01,2024-02-29
EFX,0.0,0.002352941176470588,2024-01-31,2024-02-01,2024-02-29
EG,0.0,0.002352941176470588,2024-01-31,2024-02-01,2024-02-29
EIX,0.0,0.002352941176470588,2024-01-31,2024-02-01,2024-02-29
EL,5.159376025407101e-17,0.002352941176470588,2024-01-31,2024-02-01,2024-02-29
ELV,0.0,0.002352941176470588,2024-01-31,2024-02-01,2024-02-29
EMN,0.0,0.002352941176470588,2024-01-31,2024-02-01,2024-02-29
EMR,0.0,0.002352941176470588,2024-01-31,2024-02-01,2024-02-29
ENPH,0.0,0.002352941176470588,2024-01-31,2024-02-01,2024-02-29
EOG,0.0,0.002352941176470588,2024-01-31,2024-02-01,2024-02-29
EPAM,1.7459444823363046e-18,0.002352941176470588,2024-01-31,2024-02-01,2024-02-29
EQT,0.0,0.002352941176470588,2024-01-31,2024-02-01,2024-02-29
ES,2.6583078458906887e-16,0.002352941176470588,2024-01-31,2024-02-01,2024-02-29
ETN,0.0,0.002352941176470588,2024-01-31,2024-02-01,2024-02-29
ETR,0.0,0.002352941176470588,2024-01-31,2024-02-01,2024-02-29
EVRG,9.676431218709507e-17,0.002352941176470588,2024-01-31,2024-02-01,2024-02-29
EW,0.0,0.002352941176470588,2024-01-31,2024-02-01,2024-02-29
EXC,0.0,0.002352941176470588,2024-01-31,2024-02-01,2024-02-29
EXPD,0.0,0.002352941176470588,2024-01-31,2024-02-01,2024-02-29
EXPE,1.5474529761445347e-16,0.002352941176470588,2024-01-31,2024-02-01,2024-02-29
F,0.0,0.002352941176470588,2024-01-31,2024-02-01,2024-02-29
FANG,0.0,0.002352941176470588,2024-01-31,2024-02-01,2024-02-29
FAST,0.0,0.002352941176470588,2024-01-31,2024-02-01,2024-02-29
FCX,4.1740403255883484e-17,0.002352941176470588,2024-01-31,2024-02-01,2024-02-29
FDS,2.543696385534284e-17,0.002352941176470588,2024-01-31,2024-02-01,2024-02-29
FDX,1.0300244938587595e-16,0.002352941176470588,2024-01-31,2024-02-01,2024-02-29
FE,0.0,0.002352941176470588,2024-01-31,2024-02-01,2024-02-29
FFIV,6.060846998576041e-17,0.002352941176470588,2024-01-31,2024-02-01,2024-02-29
FI,0.0,0.002352941176470588,2024-01-31,2024-02-01,2024-02-29
FICO,0.0,0.002352941176470588,2024-01-31,2024-02-01,2024-02-29
FIS,1.382687832484189e-16,0.002352941176470588,2024-01-31,2024-02-01,2024-02-29
FMC,0.0,0.002352941176470588,2024-01-31,2024-02-01,2024-02-29
FOX,0.0,0.002352941176470588,2024-01-31,2024-02-01,2024-02-29
FOXA,1.326149849452941e-17,0.002352941176470588,2024-01-31,2024-02-01,2024-02-29
FSLR,2.2971679988186887e-16,0.002352941176470588,2024-01-31,2024-02-01,2024-02-29
FTNT,0.0,0.002352941176470588,2024-01-31,2024-02-01,2024-02-29
FTV,1.542660676884987e-16,0.002352941176470588,2024-01-31,2024-02-01,2024-02-29
GD,0.0,0.002352941176470588,2024-01-31,2024-02-01,2024-02-29
GEHC,0.0,0.002352941176470588,2024-01-31,2024-02-01,2024-02-29
GEN,0.0,0.002352941176470588,2024-01-31,2024-02-01,2024-02-29
GILD,0.0,0.002352941176470588,2024-01-31,2024-02-01,2024-02-29
GIS,1.2842264227320226e-16,0.002352941176470588,2024-01-31,2024-02-01,2024-02-29
GL,2.3057771800909046e-16,0.002352941176470588,2024-01-31,2024-02-01,2024-02-29
GLW,9.62339311193659e-18,0.002352941176470588,2024-01-31,2024-02-01,2024-02-29
GM,4.0077570607944435e-17,0.002352941176470588,2024-01-31,2024-02-01,2024-02-29
GNRC,0.0,0.002352941176470588,2024-01-31,2024-02-01,2024-02-29
GOOG,0.0,0.002352941176470588,2024-01-31,2024-02-01,2024-02-29
GOOGL,2.088554812608692e-16,0.002352941176470588,2024-01-31,2024-02-01,2024-02-29
GPC,0.0,0.002352941176470588,2024-01-31,2024-02-01,2024-02-29
GPN,1.2324063685870493e-16,0.002352941176470588,2024-01-31,2024-02-01,2024-02-29
GRMN,3.1079889464131883e-17,0.002352941176470588,2024-01-31,2024-02-01,2024-02-29
GS,5.8294828507030915e-16,0.002352941176470588,2024-01-31,2024-02-01,2024-02-29
HAL,0.0,0.002352941176470588,2024-01-31,2024-02-01,2024-02-29
HAS,1.6172704061576703e-16,0.002352941176470588,2024-01-31,2024-02-01,2024-02-29
HCA,1.9717219725983153e-16,0.002352941176470588,2024-01-31,2024-02-01,2024-02-29
HD,2.3692701268480195e-17,0.002352941176470588,2024-01-31,2024-02-01,2024-02-29
HES,0.0,0.002352941176470588,2024-01-31,2024-02-01,2024-02-29
HIG,1.0029408570435911e-16,0.002352941176470588,2024-01-31,2024-02-01,2024-02-29
HII,5.93106427056322e-17,0.002352941176470588,2024-01-31,2024-02-01,2024-02-29
HLT,5.368434809901746e-17,0.002352941176470588,2024-01-31,2024-02-01,2024-02-29
HOLX,1.982974171826261e-17,0.002352941176470588,2024-01-31,2024-02-01,2024-02-29
HON,1.1017625899978291e-16,0.002352941176470588,2024-01-31,2024-02-01,2024-02-29
HPE,0.0,0.002352941176470588,2024-01-31,2024-02-01,2024-02-29
HPQ,0.0,0.002352941176470588,2024-01-31,2024-02-01,2024-02-29
HRL,2.23733224000427e-16,0.002352941176470588,2024-01-31,2024-02-01,2024-02-29
HSIC,0.0,0.002352941176470588,2024-01-31,2024-02-01,2024-02-29
HSY,0.0,0.002352941176470588,2024-01-31,2024-02-01,2024-02-29
HUBB,8.253303270768e-17,0.002352941176470588,2024-01-31,2024-02-01,2024-02-29
HUM,8.166018129516195e-17,0.002352941176470588,2024-01-31,2024-02-01,2024-02-29
HWM,0.0,0.002352941176470588,2024-01-31,2024-02-01,2024-02-29
IBM,0.0,0.002352941176470588,2024-01-31,2024-02-01,2024-02-29
ICE,0.0,0.002352941176470588,2024-01-31,2024-02-01,2024-02-29
IDXX,2.11027391938562e-16,0.002352941176470588,2024-01-31,2024-02-01,2024-02-29
IEX,0.0,0.002352941176470588,2024-01-31,2024-02-01,2024-02-29
IFF,0.0,0.002352941176470588,2024-01-31,2024-02-01,2024-02-29
INCY,0.0,0.002352941176470588,2024-01-31,2024-02-01,2024-02-29
INTU,2.7514044244023135e-16,0.002352941176470588,2024-01-31,2024-02-01,2024-02-29
IP,1.8689790733358382e-16,0.002352941176470588,2024-01-31,2024-02-01,2024-02-29
IPG,1.3161582870667755e-16,0.002352941176470588,2024-01-31,2024-02-01,2024-02-29
IQV,0.0,0.002352941176470588,2024-01-31,2024-02-01,2024-02-29
IR,1.1108589117046172e-16,0.002352941176470588,2024-01-31,2024-02-01,2024-02-29
ISRG,1.4828374297912795e-17,0.002352941176470588,2024-01-31,2024-02-01,2024-02-29
IT,5.1678076521549137e-17,0.002352941176470588,2024-01-31,2024-02-01,2024-02-29
ITW,3.316171924363657e-16,0.002352941176470588,2024-01-31,2024-02-01,2024-02-29
IVZ,8.792190596522423e-17,0.002352941176470588,2024-01-31,2024-02-01,2024-02-29
J,4.712445194507654e-18,0.002352941176470588,2024-01-31,2024-02-01,2024-02-29
JBHT,0.0,0.002352941176470588,2024-01-31,2024-02-01,2024-02-29
JBL,4.100589804943988e-17,0.002352941176470588,2024-01-31,2024-02-01,2024-02-29
JCI,0.0,0.002352941176470588,2024-01-31,2024-02-01,2024-02-29
JKHY,0.0,0.002352941176470588,2024-01-31,2024-02-01,2024-02-29
JNJ,0.0,0.002352941176470588,2024-01-31,2024-02-01,2024-02-29
JNPR,0.0,0.002352941176470588,2024-01-31,2024-02-01,2024-02-29
JPM,0.0,0.002352941176470588,2024-01-31,2024-02-01,2024-02-29
K,1.0291326399443246e-17,0.002352941176470588,2024-01-31,2024-02-01,2024-02-29
KDP,6.745295497825018e-17,0.002352941176470588,2024-01-31,2024-02-01,2024-02-29
KEY,0.0,0.002352941176470588,2024-01-31,2024-02-01,2024-02-29
KEYS,0.0,0.002352941176470588,2024-01-31,2024-02-01,2024-02-29
KHC,0.0,0.002352941176470588,2024-01-31,2024-02-01,2024-02-29
KLAC,2.782884650008003e-17,0.002352941176470588,2024-01-31,2024-02-01,2024-02-29
KMB,0.0,0.002352941176470588,2024-01-31,2024-02-01,2024-02-29
KMI,0.0,0.002352941176470588,2024-01-31,2024-02-01,2024-02-29
KMX,1.454775992875323e-16,0.002352941176470588,2024-01-31,2024-02-01,2024-02-29
KO,0.0,0.002352941176470588,2024-01-31,2024-02-01,2024-02-29
KR,0.0,0.002352941176470588,2024-01-31,2024-02-01,2024-02-29
KVUE,0.0,0.002352941176470588,2024-01-31,2024-02-01,2024-02-29
L,1.0144608013946126e-16,0.002352941176470588,2024-01-31,2024-02-01,2024-02-29
LDOS,0.0,0.002352941176470588,2024-01-31,2024-02-01,2024-02-29
LEN,1.392213537857205e-16,0.002352941176470588,2024-01-31,2024-02-01,2024-02-29
LH,2.143162071503152e-16,0.002352941176470588,2024-01-31,2024-02-01,2024-02-29
LHX,0.0,0.002352941176470588,2024-01-31,2024-02-01,2024-02-29
LIN,8.317648129714756e-17,0.002352941176470588,2024-01-31,2024-02-01,2024-02-29
LKQ,1.8810564019829193e-16,0.002352941176470588,2024-01-31,2024-02-01,2024-02-29
LLY,4.3443232749130583e-16,0.002352941176470588,2024-01-31,2024-02-01,2024-02-29
LMT,0.0,0.002352941176470588,2024-01-31,2024-02-01,2024-02-29
LNT,5.844290445713558e-17,0.002352941176470588,2024-01-31,2024-02-01,2024-02-29
LOW,0.0,0.002352941176470588,2024-01-31,2024-02-01,2024-02-29
LRCX,4.25459881424256e-17,0.002352941176470588,2024-01-31,2024-02-01,2024-02-29
LULU,1.0587231832247058e-16,0.002352941176470588,2024-01-31,2024-02-01,2024-02-29
LUV,0.0,0.002352941176470588,2024-01-31,2024-02-01,2024-02-29
LW,0.0,0.002352941176470588,2024-01-31,2024-02-01,2024-02-29
LYB,0.0,0.002352941176470588,2024-01-31,2024-02-01,2024-02-29
LYV,1.1472671237039192e-17,0.002352941176470588,2024-01-31,2024-02-01,2024-02-29
MA,0.0,0.002352941176470588,2024-01-31,2024-02-01,2024-02-29
MAR,2.4162719303287604e-16,0.002352941176470588,2024-01-31,2024-02-01,2024-02-29
MAS,7.068424818065095e-17,0.002352941176470588,2024-01-31,2024-02-01,2024-02-29
MCHP,0.0,0.002352941176470588,2024-01-31,2024-02-01,2024-02-29
MCK,0.0,0.002352941176470588,2024-01-31,2024-02-01,2024-02-29
MCO,0.0,0.002352941176470588,2024-01-31,2024-02-01,2024-02-29
MDLZ,0.0,0.002352941176470588,2024-01-31,2024-02-01,2024-02-29
MDT,1.1802312922455227e-16,0.002352941176470588,2024-01-31,2024-02-01,2024-02-29
MET,0.0,0.002352941176470588,2024-01-31,2024-02-01,2024-02-29
META,0.02716862603423691,0.002352941176470588,2024-01-31,2024-02-01,2024-02-29
MGM,0.0,0.002352941176470588,2024-01-31,2024-02-01,2024-02-29
MHK,0.0,0.002352941176470588,2024-01-31,2024-02-01,2024-02-29
MKC,1.3105356057188166e-16,0.002352941176470588,2024-01-31,2024-02-01,2024-02-29
MKTX,2.1122907606376836e-16,0.002352941176470588,2024-01-31,2024-02-01,2024-02-29
MLM,6.284323793935816e-17,0.002352941176470588,2024-01-31,2024-02-01,2024-02-29
MMC,4.744388288115917e-17,0.002352941176470588,2024-01-31,2024-02-01,2024-02-29
MMM,0.0,0.002352941176470588,2024-01-31,2024-02-01,2024-02-29
MNST,6.647699620687874e-17,0.002352941176470588,2024-01-31,2024-02-01,2024-02-29
MO,2.39529930248892e-17,0.002352941176470588,2024-01-31,2024-02-01,2024-02-29
MOS,0.0,0.002352941176470588,2024-01-31,2024-02-01,2024-02-29
MPC,0.0,0.002352941176470588,2024-01-31,2024-02-01,2024-02-29
MPWR,1.0347561174081594e-16,0.002352941176470588,2024-01-31,2024-02-01,2024-02-29
MRK,0.0,0.002352941176470588,2024-01-31,2024-02-01,2024-02-29
MRNA,4.861400032890434e-17,0.002352941176470588,2024-01-31,2024-02-01,2024-02-29
MSCI,0.0,0.002352941176470588,2024-01-31,2024-02-01,2024-02-29
MSFT,0.0,0.002352941176470588,2024-01-31,2024-02-01,2024-02-29
MSI,0.0,0.002352941176470588,2024-01-31,2024-02-01,2024-02-29
MTB,0.0,0.002352941176470588,2024-01-31,2024-02-01,2024-02-29
MTCH,0.0,0.002352941176470588,2024-01-31,2024-02-01,2024-02-29
MTD,2.258740611722593e-17,0.002352941176470588,2024-01-31,2024-02-01,2024-02-29
MU,7.107101352979588e-17,0.002352941176470588,2024-01-31,2024-02-01,2024-02-29
NCLH,0.0,0.002352941176470588,2024-01-31,2024-02-01,2024-02-29
NDAQ,1.107166306771675e-18,0.002352941176470588,2024-01-31,2024-02-01,2024-02-29
NDSN,0.0,0.002352941176470588,2024-01-31,2024-02-01,2024-02-29
NEE,2.484253144270712e-16,0.002352941176470588,2024-01-31,2024-02-01,2024-02-29
NEM,0.0,0.002352941176470588,2024-01-31,2024-02-01,2024-02-29
NFLX,0.0,0.002352941176470588,2024-01-31,2024-02-01,2024-02-29
NI,0.0,0.002352941176470588,2024-01-31,2024-02-01,2024-02-29
NKE,5.461043512689254e-17,0.002352941176470588,2024-01-31,2024-02-01,2024-02-29
NOC,6.519757943790669e-17,0.002352941176470588,2024-01-31,2024-02-01,2024-02-29
NOW,0.0,0.002352941176470588,2024-01-31,2024-02-01,2024-02-29
NSC,0.0,0.002352941176470588,2024-01-31,2024-02-01,2024-02-29
NTAP,8.760364109581624e-17,0.002352941176470588,2024-01-31,2024-02-01,2024-02-29
NTRS,8.427174005888909e-17,0.002352941176470588,2024-01-31,2024-02-01,2024-02-29
NUE,0.0,0.002352941176470588,2024-01-31,2024-02-01,2024-02-29
NVDA,0.0,0.002352941176470588,2024-01-31,2024-02-01,2024-02-29
NVR,0.0,0.002352941176470588,2024-01-31,2024-02-01,2024-02-29
NWS,0.0,0.002352941176470588,2024-01-31,2024-02-01,2024-02-29
NWSA,9.627285806852765e-17,0.002352941176470588,2024-01-31,2024-02-01,2024-02-29
NXPI,0.0,0.002352941176470588,2024-01-31,2024-02-01,2024-02-29
ODFL,0.0,0.002352941176470588,2024-01-31,2024-02-01,2024-02-29
OKE,0.0,0.002352941176470588,2024-01-31,2024-02-01,2024-02-29
OMC,8.303879039335926e-17,0.002352941176470588,2024-01-31,2024-02-01,2024-02-29
ON,9.071420702684042e-17,0.002352941176470588,2024-01-31,2024-02-01,2024-02-29
ORCL,0.0,0.002352941176470588,2024-01-31,2024-02-01,2024-02-29
ORLY,1.639311828004945e-16,0.002352941176470588,2024-01-31,2024-02-01,2024-02-29
OTIS,1.1682425846854566e-16,0.002352941176470588,2024-01-31,2024-02-01,2024-02-29
OXY,0.0,0.002352941176470588,2024-01-31,2024-02-01,2024-02-29
PANW,1.012642147101725e-16,0.002352941176470588,2024-01-31,2024-02-01,2024-02-29
PAYC,1.1711725359849082e-17,0.002352941176470588,2024-01-31,2024-02-01,2024-02-29
PAYX,2.6608899903442732e-17,0.002352941176470588,2024-01-31,2024-02-01,2024-02-29
PCAR,1.5139815241116124e-16,0.002352941176470588,2024-01-31,2024-02-01,2024-02-29
PCG,0.0,0.002352941176470588,2024-01-31,2024-02-01,2024-02-29
PEG,1.4826995864225043e-18,0.002352941176470588,2024-01-31,2024-02-01,2024-02-29
PEP,6.686966310474528e-17,0.002352941176470588,2024-01-31,2024-02-01,2024-02-29
PFE,0.0,0.002352941176470588,2024-01-31,2024-02-01,2024-02-29
PFG,0.0,0.002352941176470588,2024-01-31,2024-02-01,2024-02-29
PG,0.0,0.002352941176470588,2024-01-31,2024-02-01,2024-02-29
PGR,6.543673061843321e-17,0.002352941176470588,2024-01-31,2024-02-01,2024-02-29
PH,1.3592631681127162e-16,0.002352941176470588,2024-01-31,2024-02-01,2024-02-29
PHM,1.1276531642767042e-16,0.002352941176470588,2024-01-31,2024-02-01,2024-02-29
PKG,0.0,0.002352941176470588,2024-01-31,2024-02-01,2024-02-29
PM,0.0,0.002352941176470588,2024-01-31,2024-02-01,2024-02-29
PNC,0.0,0.002352941176470588,2024-01-31,2024-02-01,2024-02-29
PNR,1.606676801692428e-16,0.002352941176470588,2024-01-31,2024-02-01,2024-02-29
PNW,8.574483966883971e-17,0.002352941176470588,2024-01-31,2024-02-01,2024-02-29
PODD,4.959317191029102e-17,0.002352941176470588,2024-01-31,2024-02-01,2024-02-29
POOL,0.0,0.002352941176470588,2024-01-31,2024-02-01,2024-02-29
PPG,1.152357859994106e-16,0.002352941176470588,2024-01-31,2024-02-01,2024-02-29
PPL,0.0,0.002352941176470588,2024-01-31,2024-02-01,2024-02-29
PRU,7.613677452130541e-17,0.002352941176470588,2024-01-31,2024-02-01,2024-02-29
PSX,0.0,0.002352941176470588,2024-01-31,2024-02-01,2024-02-29
PTC,9.445093101573687e-17,0.002352941176470588,2024-01-31,2024-02-01,2024-02-29
PWR,0.0,0.002352941176470588,2024-01-31,2024-02-01,2024-02-29
PYPL,0.0,0.002352941176470588,2024-01-31,2024-02-01,2024-02-29
QCOM,6.59765284372746e-17,0.002352941176470588,2024-01-31,2024-02-01,2024-02-29
RCL,0.0,0.002352941176470588,2024-01-31,2024-02-01,2024-02-29
REGN,5.736197411028621e-18,0.002352941176470588,2024-01-31,2024-02-01,2024-02-29
RF,4.3641834537481294e-17,0.002352941176470588,2024-01-31,2024-02-01,2024-02-29
RJF,0.0,0.002352941176470588,2024-01-31,2024-02-01,2024-02-29
RL,0.0,0.002352941176470588,2024-01-31,2024-02-01,2024-02-29
RMD,1.8392846987397158e-17,0.002352941176470588,2024-01-31,2024-02-01,2024-02-29
ROK,0.0,0.002352941176470588,2024-01-31,2024-02-01,2024-02-29
ROL,0.0,0.002352941176470588,2024-01-31,2024-02-01,2024-02-29
ROP,5.0043615054144594e-17,0.002352941176470588,2024-01-31,2024-02-01,2024-02-29
ROST,0.0,0.002352941176470588,2024-01-31,2024-02-01,2024-02-29
RSG,0.0,0.002352941176470588,2024-01-31,2024-02-01,2024-02-29
RTX,1.8779114418662093e-16,0.002352941176470588,2024-01-31,2024-02-01,2024-02-29
RVTY,0.0,0.002352941176470588,2024-01-31,2024-02-01,2024-02-29
SBUX,0.0,0.002352941176470588,2024-01-31,2024-02-01,2024-02-29
SCHW,1.8884800274639342e-16,0.002352941176470588,2024-01-31,2024-02-01,2024-02-29
SHW,0.0,0.002352941176470588,2024-01-31,2024-02-01,2024-02-29
SJM,1.733335870100682e-16,0.002352941176470588,2024-01-31,2024-02-01,2024-02-29
SLB,2.5034944619452856e-17,0.002352941176470588,2024-01-31,2024-02-01,2024-02-29
SNPS,2.352912646455079e-17,0.002352941176470588,2024-01-31,2024-02-01,2024-02-29
SO,1.4208407373451246e-16,0.002352941176470588,2024-01-31,2024-02-01,2024-02-29
SPGI,2.1489837843690593e-17,0.002352941176470588,2024-01-31,2024-02-01,2024-02-29
SRE,2.4802633544354683e-16,0.002352941176470588,2024-01-31,2024-02-01,2024-02-29
STE,1.462225664411184e-16,0.002352941176470588,2024-01-31,2024-02-01,2024-02-29
STLD,0.0,0.002352941176470588,2024-01-31,2024-02-01,2024-02-29
STT,2.5225068915414274e-17,0.002352941176470588,2024-01-31,2024-02-01,2024-02-29
STX,0.0,0.002352941176470588,2024-01-31,2024-02-01,2024-02-29
STZ,0.0,0.002352941176470588,2024-01-31,2024-02-01,2024-02-29
SWK,4.4891267978034246e-17,0.002352941176470588,2024-01-31,2024-02-01,2024-02-29
SWKS,3.0528598612024024e-17,0.002352941176470588,2024-01-31,2024-02-01,2024-02-29
SYF,0.0,0.002352941176470588,2024-01-31,2024-02-01,2024-02-29
SYK,3.6060996129167667e-17,0.002352941176470588,2024-01-31,2024-02-01,2024-02-29
SYY,6.444217604653747e-17,0.002352941176470588,2024-01-31,2024-02-01,2024-02-29
T,0.0,0.002352941176470588,2024-01-31,2024-02-01,2024-02-29
TAP,0.0,0.002352941176470588,2024-01-31,2024-02-01,2024-02-29
TDG,1.0096208118725238e-16,0.002352941176470588,2024-01-31,2024-02-01,2024-02-29
TDY,0.0,0.002352941176470588,2024-01-31,2024-02-01,2024-02-29
TECH,0.0,0.002352941176470588,2024-01-31,2024-02-01,2024-02-29
TEL,1.287374585135246e-16,0.002352941176470588,2024-01-31,2024-02-01,2024-02-29
TFC,1.1520094084159237e-16,0.002352941176470588,2024-01-31,2024-02-01,2024-02-29
TFX,2.268188918395277e-17,0.002352941176470588,2024-01-31,2024-02-01,2024-02-29
TGT,0.0,0.002352941176470588,2024-01-31,2024-02-01,2024-02-29
TJX,1.2973856425716156e-16,0.002352941176470588,2024-01-31,2024-02-01,2024-02-29
TMO,1.2789320284528915e-17,0.002352941176470588,2024-01-31,2024-02-01,2024-02-29
TMUS,0.0,0.002352941176470588,2024-01-31,2024-02-01,2024-02-29
TPR,2.323244684029154e-17,0.002352941176470588,2024-01-31,2024-02-01,2024-02-29
TRGP,4.74680675483204e-17,0.002352941176470588,2024-01-31,2024-02-01,2024-02-29
TRMB,0.0,0.002352941176470588,2024-01-31,2024-02-01,2024-02-29
TROW,6.488737858231476e-17,0.002352941176470588,2024-01-31,2024-02-01,2024-02-29
TRV,2.08079496418972e-16,0.002352941176470588,2024-01-31,2024-02-01,2024-02-29
TSCO,0.0,0.002352941176470588,2024-01-31,2024-02-01,2024-02-29
TSLA,6.472075594294429e-17,0.002352941176470588,2024-01-31,2024-02-01,2024-02-29
TSN,0.0,0.002352941176470588,2024-01-31,2024-02-01,2024-02-29
TT,5.945237072583187e-17,0.002352941176470588,2024-01-31,2024-02-01,2024-02-29
TTWO,0.0,0.002352941176470588,2024-01-31,2024-02-01,2024-02-29
TXN,0.0,0.002352941176470588,2024-01-31,2024-02-01,2024-02-29
TXT,0.0,0.002352941176470588,2024-01-31,2024-02-01,2024-02-29
TYL,0.0,0.002352941176470588,2024-01-31,2024-02-01,2024-02-29
UAL,5.911276276830892e-17,0.002352941176470588,2024-01-31,2024-02-01,2024-02-29
UBER,0.0,0.002352941176470588,2024-01-31,2024-02-01,2024-02-29
UHS,0.0,0.002352941176470588,2024-01-31,2024-02-01,2024-02-29
ULTA,4.683121909212963e-17,0.002352941176470588,2024-01-31,2024-02-01,2024-02-29
UNH,1.2017351874751804e-16,0.002352941176470588,2024-01-31,2024-02-01,2024-02-29
UNP,0.0,0.002352941176470588,2024-01-31,2024-02-01,2024-02-29
UPS,0.0,0.002352941176470588,2024-01-31,2024-02-01,2024-02-29
URI,6.539388603849112e-17,0.002352941176470588,2024-01-31,2024-02-01,2024-02-29
V,2.3213888833810177e-17,0.002352941176470588,2024-01-31,2024-02-01,2024-02-29
VLO,7.531754446115684e-17,0.002352941176470588,2024-01-31,2024-02-01,2024-02-29
VLTO,0.9728313739657417,0.002352941176470588,2024-01-31,2024-02-01,2024-02-29
VMC,0.0,0.002352941176470588,2024-01-31,2024-02-01,2024-02-29
VRSK,0.0,0.002352941176470588,2024-01-31,2024-02-01,2024-02-29
VRSN,4.626434264284971e-17,0.002352941176470588,2024-01-31,2024-02-01,2024-02-29
VRTX,7.279281136863801e-17,0.002352941176470588,2024-01-31,2024-02-01,2024-02-29
VTRS,0.0,0.002352941176470588,2024-01-31,2024-02-01,2024-02-29
VZ,4.578666493312497e-17,0.002352941176470588,2024-01-31,2024-02-01,2024-02-29
WAB,4.255271199850028e-18,0.002352941176470588,2024-01-31,2024-02-01,2024-02-29
WBA,4.4759238972794775e-17,0.002352941176470588,2024-01-31,2024-02-01,2024-02-29
WBD,8.669779814377554e-17,0.002352941176470588,2024-01-31,2024-02-01,2024-02-29
WDC,0.0,0.002352941176470588,2024-01-31,2024-02-01,2024-02-29
WEC,0.0,0.002352941176470588,2024-01-31,2024-02-01,2024-02-29
WM,0.0,0.002352941176470588,2024-01-31,2024-02-01,2024-02-29
WMB,1.5114108230457314e-17,0.002352941176470588,2024-01-31,2024-02-01,2024-02-29
WMT,6.378226395645769e-17,0.002352941176470588,2024-01-31,2024-02-01,2024-02-29
WRB,0.0,0.002352941176470588,2024-01-31,2024-02-01,2024-02-29
WST,3.3988225286192645e-17,0.002352941176470588,2024-01-31,2024-02-01,2024-02-29
WTW,1.8103529511007367e-17,0.002352941176470588,2024-01-31,2024-02-01,2024-02-29
WYNN,6.668398384811646e-17,0.002352941176470588,2024-01-31,2024-02-01,2024-02-29
XOM,0.0,0.002352941176470588,2024-01-31,2024-02-01,2024-02-29
XYL,0.0,0.002352941176470588,2024-01-31,2024-02-01,2024-02-29
YUM,8.806341098878609e-17,0.002352941176470588,2024-01-31,2024-02-01,2024-02-29
ZBH,0.0,0.002352941176470588,2024-01-31,2024-02-01,2024-02-29
ZBRA,0.0,0.002352941176470588,2024-01-31,2024-02-01,2024-02-29
ZTS,2.523122895454406e-17,0.002352941176470588,2024-01-31,2024-02-01,2024-02-29
